{"stats":{"minecraft:picked_up":{"minecraft:stick":4,"minecraft:cactus":1},"minecraft:dropped":{"minecraft:stick":2},"minecraft:mined":{"minecraft:cactus":1,"minecraft:dead_bush":5},"minecraft:custom":{"minecraft:jump":55,"minecraft:time_since_rest":14657,"minecraft:damage_taken":210,"minecraft:damage_dealt":160,"minecraft:walk_one_cm":6495,"minecraft:leave_game":3,"minecraft:sprint_one_cm":8191,"minecraft:play_time":16370,"minecraft:time_since_death":14630,"minecraft:deaths":1,"minecraft:total_world_time":16370,"minecraft:mob_kills":1,"minecraft:drop":2,"minecraft:fall_one_cm":3598,"minecraft:fly_one_cm":14365},"minecraft:killed":{"minecraft:spider":1},"minecraft:used":{"minecraft:cactus":1}},"DataVersion":3463}