{"stats":{"minecraft:dropped":{"minecraft:stick":2},"minecraft:custom":{"minecraft:jump":49,"minecraft:time_since_rest":10558,"minecraft:damage_dealt":10,"minecraft:damage_taken":210,"minecraft:play_time":12271,"minecraft:walk_one_cm":2351,"minecraft:leave_game":2,"minecraft:sprint_one_cm":7529,"minecraft:time_since_death":10531,"minecraft:deaths":1,"minecraft:total_world_time":12271,"minecraft:drop":2,"minecraft:fall_one_cm":3598,"minecraft:fly_one_cm":13418},"minecraft:used":{"minecraft:cactus":1},"minecraft:mined":{"minecraft:cactus":1,"minecraft:dead_bush":5},"minecraft:picked_up":{"minecraft:stick":4,"minecraft:cactus":1}},"DataVersion":3463}