{"stats":{"minecraft:dropped":{"minecraft:stick":2},"minecraft:used":{"minecraft:cactus":1},"minecraft:picked_up":{"minecraft:stick":4,"minecraft:cactus":1},"minecraft:custom":{"minecraft:jump":27,"minecraft:time_since_rest":6611,"minecraft:leave_game":1,"minecraft:deaths":1,"minecraft:damage_taken":210,"minecraft:sprint_one_cm":4839,"minecraft:play_time":8324,"minecraft:time_since_death":6584,"minecraft:walk_one_cm":1477,"minecraft:total_world_time":8324,"minecraft:drop":2,"minecraft:fall_one_cm":3389,"minecraft:fly_one_cm":6317},"minecraft:mined":{"minecraft:cactus":1,"minecraft:dead_bush":5}},"DataVersion":3463}